Source,Year,Make,Model,Trim,Price (CAD),Mileage (km),Location,Seller Type
Dealership,2024,Subaru,Crosstrek,Touring,27999,17867,Vancouver,Dealer
Dealership,2024,Subaru,Crosstrek,Touring,29300,7200,Vancouver,Dealer
Dealership,2024,Subaru,Crosstrek,Touring,28995,23900,Vancouver,Dealer
Dealership,2024,Subaru,Crosstrek,Touring,28500,21460,North Vancouver,Dealer
Dealership,2024,Subaru,Crosstrek,Touring,28800,31200,Richmond,Dealer
Dealership,2024,Subaru,Crosstrek,Touring,29150,14500,West Vancouver,Dealer
Facebook Marketplace,2024,Subaru,Crosstrek,Touring,25500,38700,Surrey / Langley,Private
Facebook Marketplace,2023,Subaru,Crosstrek,Touring,26900,34000,Chilliwack,Private
Facebook Marketplace,2024,Subaru,Crosstrek,Touring,27200,28100,Burnaby,Private
Facebook Marketplace,2024,Subaru,Crosstrek,Touring,26450,41000,Coquitlam,Private
Facebook Marketplace,2024,Subaru,Crosstrek,Touring,27000,32500,Abbotsford,Private
Facebook Marketplace,2025,Subaru,Crosstrek,Touring,28900,12000,Vancouver,Private
