Brand,Model,Segment,MSRP,Rate_36,Pay_36,Rate_48,Pay_48
Subaru,2026 Crosstrek Touring AWD,Subcompact Crossover (Gas),33595,1.99,521.4,3.49,509.55
Subaru,2026 Forester Convenience AWD,Compact SUV (Gas),34195,2.49,548.15,3.49,529.4
Subaru,2026 Impreza Touring AWD,Hatchback (Gas),31625,1.99,492.15,3.49,479.5
Subaru,2026 Crosstrek Hybrid Limited,Subcompact Crossover (Hybrid),40595,2.49,638.1,3.49,622.4
Toyota,2026 Corolla Cross LE AWD,Subcompact Crossover (Gas),35047,6.49,684.5,6.99,634.5
Toyota,2026 RAV4 LE AWD,Compact SUV (Gas),37500,6.49,729.8,6.79,678.1
Toyota,2027 Corolla Hatchback SE,Hatchback (Gas),27630,6.49,544.1,6.99,501.2
Toyota,2026 Corolla Cross Hybrid SE AWD,Subcompact Crossover (Hybrid),36160,6.99,712.5,6.99,662.3
Toyota,2026 Corolla Sedan LE,Compact Sedan (Gas),27250,6.49,539.0,6.99,494.6
Honda,2027 HR-V LX AWD,Subcompact Crossover (Gas),33100,5.49,615.59,5.99,571.45
Honda,2026 CR-V LX 2WD,Compact SUV (Gas),37075,4.99,689.5,5.49,638.25
Honda,2026 Civic Hatchback Sport,Hatchback (Gas),32300,4.99,598.6,5.49,556.1
Honda,2026 Civic Sport Hybrid,Compact Sedan (Hybrid),34200,3.69,584.2,3.69,539.1
Volkswagen,2027 Taos Comfortline 4MOTION,Subcompact Crossover (Gas),36195,4.99,683.03,5.49,628.45
Volkswagen,2026 Jetta Highline,Compact Sedan (Gas),33295,4.49,605.1,4.99,562.4
Volkswagen,2027 Jetta Comfortline,Compact Sedan (Gas),32720,4.49,594.8,4.99,549.3
Hyundai,2027 Kona Preferred AWD,Subcompact Crossover (Gas),31949,5.99,627.51,6.49,578.52
Hyundai,2026 Tucson Preferred AWD,Compact SUV (Gas),35499,5.49,681.2,5.99,629.75
Hyundai,2026 Elantra Preferred,Compact Sedan (Gas),26249,5.49,514.25,5.99,472.9
Hyundai,2026 Elantra Luxury Hybrid,Compact Sedan (Hybrid),31999,5.49,596.4,5.99,547.8
Hyundai,2026 Venue Essential,Micro Crossover (Gas),21999,5.99,442.2,5.99,401.5
Nissan,2027 Kicks SV AWD,Subcompact Crossover (Gas),29198,4.99,514.2,5.49,473.1
Nissan,2026 Rogue S AWD,Compact SUV (Gas),35048,5.49,612.8,5.99,568.2
Nissan,2026 Sentra SV,Compact Sedan (Gas),25398,4.99,454.1,5.49,418.5
Mazda,2026 CX-30 GS AWD,Subcompact Crossover (Gas),32200,4.49,538.5,4.99,498.2
Mazda,2026 CX-5 GS AWD,Compact SUV (Gas),34550,4.49,586.2,4.99,542.4
Mazda,2026 Mazda3 Sedan GX,Compact Sedan (Gas),25250,3.99,428.1,4.49,394.5
Kia,2027 Seltos EX AWD,Subcompact Crossover (Gas),30695,5.49,565.4,5.99,518.7
Kia,2026 Sportage LX AWD,Compact SUV (Gas),33495,5.49,605.2,5.99,559.4
Kia,2026 K4 EX,Compact Sedan (Gas),23995,4.99,439.1,5.49,402.6
Kia,2026 Soul EX,Hatchback Crossover (Gas),25495,5.49,472.3,5.99,433.8
Mitsubishi,2026 Eclipse Cross ES AWD,Compact Crossover (Gas),29798,4.99,518.4,5.49,482.1
Mitsubishi,2026 RVR SE AWD,Subcompact Crossover (Gas),28498,3.99,484.5,4.49,448.3
Ford,2026 Bronco Sport Big Bend AWD,Rugged Crossover (Gas),36375,5.99,672.4,5.99,618.5
Ford,2026 Escape ST-Line FWD,Compact SUV (Gas),33499,4.99,612.3,5.49,566.2
General Motors,2026 Chevrolet Trax 1RS FWD,Hatchback Crossover (Gas),24499,5.99,472.1,6.49,424.6
General Motors,2026 Chevrolet Trailblazer LT AWD,Subcompact Crossover (Gas),31199,5.99,572.5,6.49,524.3
General Motors,2026 Buick Envista Preferred FWD,Sportback Sedan (Gas),26999,5.49,498.4,5.99,451.2
Subaru,2027 Uncharted FWD,Subcompact Crossover (EV),40995,6.49,727.39,6.49,650.68
Toyota,2027 C-HR SE FWD,Subcompact Crossover (EV),44895,6.99,819.84,6.99,733.31
