"ID","Trail Name","Tags","All Trails","Latitude","Longitude","Length (km)","Time (hrs)","Elevation Gain (m)","Difficulty","Quality","Offroading","Months"
"0","Bodega Ridge","176","https://www.alltrails.com/trail/canada/british-columbia/bodega-ridge","48.9495","-123.5122","8.4","2.33","255","1","4","1","4095"
"1","Cool Creek Canyon","0","https://www.alltrails.com/explore/trail/canada/british-columbia/cool-creek-canyon-hike","50.4245","-122.6936","2","2","320","2","4","0","4095"
"2","Joffre Lakes","0","https://www.alltrails.com/explore/trail/canada/british-columbia/joffre-lakes","50.3695","-122.4988","9.5","4","360","1","5","0","384"
"3","Semaphore lakes","45","https://www.alltrails.com/trail/canada/british-columbia/semaphore-lakes-trail","50.5905","-123.0178","5.8","2.5","408","2","4","0","992"
"4","Mount Daniel","0","https://www.alltrails.com/explore/trail/canada/british-columbia/mount-daniel--2","49.6476","-124.0044","4.5","2","365","2","4","1","496"
"5","Mount Erskine","0","https://www.alltrails.com/explore/trail/canada/british-columbia/mount-erskine-via-toynbee","48.8391","-123.5293","5.5","2.5","380","2","5","0","4095"
"6","Cheakamus Lake","10","https://www.alltrails.com/trail/canada/british-columbia/cheakamus-lake-trail","50.0419","-122.9896","14.5","4","145","1","4","0","1016"
"7","Decker Tarn","0","https://www.alltrails.com/explore/trail/canada/british-columbia/overlord-lakeside-decker-loop","50.0961","-122.9011","9","3.5","236","2","4","0","992"
"8","Turtlehead","0","https://www.alltrails.com/explore/trail/us/washington/turtleback-mountain-to-orcas-knob?u=m","48.6672","-122.9472","8.5","2.5","270","1","5","1","1016"
"9","Jocelyn Hill","0","https://www.alltrails.com/explore/trail/canada/british-columbia/jocelyn-hill-trail-loop","48.5090","-123.5322","9","4","210","1","4","1","4095"
"10","Flute Summit","0","https://www.alltrails.com/explore/trail/canada/british-columbia/flute-summit-via-singing-pass","50.1148","-122.9529","9","4","455","2","4","0","960"
"11","Blue Lake","240","https://www.alltrails.com/trail/us/washington/blue-lake-trail--7?u=m","48.6567","-121.7744","7.4","2.5","305","1","4","0","1984"
"12","Chief Mountain","0","https://www.alltrails.com/explore/trail/canada/british-columbia/stawamus-chief-trail","49.6788","-123.1545","7","5","625","2","4","0","1020"
"13","Greendrop Lake","41","https://www.alltrails.com/trail/canada/british-columbia/lindeman-and-greendrop-lakes-trail","49.0989","-121.4583","10.9","3.5","469","2","4","0","1020"
"14","Zoa Peak","36","https://www.alltrails.com/trail/canada/british-columbia/zoa-peak-trail","49.6102","-121.0533","9.8","4.2","697","2","4","0","960"
"15","Evans Peak","0","https://www.alltrails.com/explore/trail/canada/british-columbia/evans-peak-trail","49.3273","-122.4628","9","5","950","3","4","0","1016"
"16","The Flatiron","0","https://www.alltrails.com/explore/trail/canada/british-columbia/flatiron-via-needle-peak-trail","49.5951","-121.1246","10","5","690","2","4","0","448"
"17","Yak Peak","164","https://www.alltrails.com/trail/canada/british-columbia/yak-peak-trail","49.5962","-121.1203","6","4","768","3","4","0","960"
"18","Half Note Trail","0","https://www.alltrails.com/explore/trail/canada/british-columbia/whistler-peak-half-note-to-high-note","50.0693","-122.9466","6","2.5","333","3","4","0","480"
"19","Flora Lake","36","https://www.alltrails.com/trail/canada/british-columbia/flora-lake-trail","49.0990","-121.4583","11","5.5","1110","2","4","0","960"
"20","Statlu Lake","43","https://www.alltrails.com/trail/canada/british-columbia/statlu-lake-trail","49.5060","-122.0064","13","6","300","3","4","0","960"
"21","Tenquille Lake","0","https://www.alltrails.com/explore/trail/canada/british-columbia/tenquille-lake-from-lillooet-river","50.5029","-122.9677","12.5","4","450","2","4","0","448"
"22","Snow Camp Mountain","0","https://www.alltrails.com/explore/trail/canada/british-columbia/snow-camp-manning","49.0667","-120.8847","17","6","600","2","4","0","960"
"23","three brothers mountain","0","https://www.alltrails.com/explore/trail/canada/british-columbia/three-brothers-mountain--3","49.1001","-120.7640","21.5","6.5","480","2","5","0","1008"
"24","Skywalk South","0","https://www.alltrails.com/explore/trail/canada/british-columbia/rick-s-roots-skywalk-south-and-rainbow-sproat-lake-loop","50.1441","-122.9736","18","6","1060","3","4","0","448"
"25","Mount Galiano","248","https://www.alltrails.com/trail/canada/british-columbia/mount-galiano-via-top-of-the-world","48.8651","-123.3530","13.5","4.5","300","2","4","1","1008"
"26","Mount Elsay","58","https://www.alltrails.com/explore/trail/canada/british-columbia/mount-elsay--2","49.3674","-122.9490","13","10","500","3","4","0","960"
"27","Frosty Mountain","0","https://www.alltrails.com/explore/trail/canada/british-columbia/frosty-mountain-trail","49.0629","-120.8261","22","7.5","1160","2","5","0","768"
"28","Garibaldi Lake","0","https://www.alltrails.com/explore/trail/canada/british-columbia/four-lakes-garibaldi-highlands-and-debecks-hill-loop","49.7839","-123.1210","20","7","1080","2","4","0","992"
"29","Elfin Lakes","0","https://www.alltrails.com/explore/trail/canada/british-columbia/elfin-lakes-diamondhead","49.7502","-123.0534","22","7","685","2","4","0","992"
"30","Cascade Pass","229","https://www.alltrails.com/trail/us/washington/cascade-pass-trail--3?u=m","48.4750","-121.0750","10.5","3.66","750","2","4","0","480"
"31","Hozomeen Lake","104","https://www.alltrails.com/trail/us/washington/hozomeen-lake-trail--2?u=m","48.9838","-121.0729","11.9","3.5","380","2","4","0","1016"
"32","Skywalk North","0","https://www.alltrails.com/explore/trail/canada/british-columbia/skywalk-north-and-south-loop","50.1541","-122.9680","20","8.5","1050","2","4","0","448"
"33","Echo Lake","171","https://www.alltrails.com/trail/canada/british-columbia/echo-lake-trail","49.7132","-123.1734","7.6","5.5","905","3","4","6","992"
"34","Chain Lakes","0","https://www.alltrails.com/explore/trail/us/washington/chain-lakes-loop-trail?u=m","48.8464","-121.6923","11.5","5.5","375","2","5","0","992"
"35","Welcome Pass","36","https://www.alltrails.com/trail/us/washington/welcome-pass-via-high-divide-trail?u=m","48.9079","-121.7070","9","5.5","1010","2","4","0","992"
"36","Wedgemount Lake","173","https://www.alltrails.com/trail/canada/british-columbia/wedgemount-lake","50.1727","-122.8632","12.5","8.5","1165","3","4","0","992"
"37","Cheam peak","0","https://www.alltrails.com/explore/trail/canada/british-columbia/cheam-peak","49.1679","-121.6942","9","4","690","2","5","2","960"
"38","Crown Mountain","0","https://www.alltrails.com/trail/canada/british-columbia/crown-mountain-trail","49.3793","-123.0827","17","8","1227","4","4","0","960"
"39","Twin Sisters","241","https://www.alltrails.com/trail/canada/british-columbia/the-lions-binkert-trail","49.4707","-123.2347","15","9","1654","4","4","0","960"
"40","Decker Mountain","36","https://www.alltrails.com/explore/trail/canada/british-columbia/overlord-lakeside-decker-loop?mobileMap=false&ref=sidebar-static-map","50.0961","-122.9012","12","6.5","600","4","4","0","992"
"41","Lake Ann","173","https://www.alltrails.com/trail/us/washington/lake-ann?u=m","48.8500","-121.6863","15.3","5.5","788","2","4","0","960"
"42","Helm Lake","174","https://www.alltrails.com/explore/trail/canada/british-columbia/helm-lake?mobileMap=false&ref=sidebar-static-map","50.0419","-122.9896","32","11","1504","2","4","0","960"
"43","Hope Mountain","0","https://www.alltrails.com/explore/trail/canada/british-columbia/hope-mountain--2","49.3287","-121.3824","8.5","6","690","2","4","2","960"
"44","Mount Price","0","https://www.alltrails.com/explore/trail/canada/british-columbia/mount-price","49.9574","-123.1200","27","11","1480","4","5","0","992"
"45","Skyline divide","0","https://www.alltrails.com/explore/trail/us/washington/skyline-divide?u=m","48.8803","-121.8649","13","6","670","2","5","0","2040"
"46","Golden Ears","0","https://www.alltrails.com/explore/trail/canada/british-columbia/golden-ears-trail","49.3273","-122.4627","25","11","1530","4","4","0","508"
"47","Hidden Lake Lookout","228","https://www.alltrails.com/trail/us/washington/hidden-lake-lookout-trail?u=m","48.5142","-121.2219","12.1","5.5","992","3","4","0","1008"
"48","Yellow Aster Butte","0","https://www.alltrails.com/explore/trail/us/washington/yellow-aster-butte-trail?u=m","48.9435","-121.6626","13","7","770","3","5","0","992"
"49","Palmers Pond","0","https://www.alltrails.com/explore/trail/canada/british-columbia/palmer-pond-via-hudson-bay-company-heritage-trail","49.3337","-121.1275","11.5","7","950","2","4","2","960"
"50","Marriott Basin","44","https://www.alltrails.com/trail/canada/british-columbia/marriott-basin-trail","50.3874","-122.4627","17.7","6.5","980","4","4","0","480"
"51","Watersprite Lake","0","https://www.alltrails.com/explore/trail/canada/british-columbia/watersprite-lake-summer-route","49.7521","-122.9346","17","7","668","2","4","2","1008"
"52","The Black Tusk","0","https://www.alltrails.com/explore/trail/canada/british-columbia/black-tusk-trail","49.9574","-123.1202","29","10.5","1740","4","5","0","960"
"53","Gotcha & Gott Peak","44","https://www.alltrails.com/trail/canada/british-columbia/gotcha-peak-and-gott-peak-via-blowdown-pass--2","50.3701","-122.1951","12.2","6","1055","4","4","2","2032"
"54","Brandywine Mountain","0","https://www.alltrails.com/explore/trail/canada/british-columbia/brandywine-mountain--2","50.0730","-123.1687","10","5.5","860","4","5","2","992"
"55","Twin Lakes","0","https://www.alltrails.com/explore/trail/canada/british-columbia/twin-lakes--2","50.4825","-122.3731","16","7.5","965","3","5","2","384"
"56","Mount Steele","0","https://www.alltrails.com/explore/trail/canada/british-columbia/mount-steele-via-edwards-lake-trail","49.6021","-123.6852","18","8","840","3","4","3","1016"
"57","Illal Mountain","0","https://www.alltrails.com/explore/trail/canada/british-columbia/jim-kelly-and-coquihalla-mountain-traverse","49.5344","-120.9967","13","7.5","745","4","5","2","960"
"58","Mount Rohr","0","https://www.alltrails.com/explore/trail/canada/british-columbia/rohr-lake-via-marriot-basin-trail","50.3873","-122.4622","12","8","1030","4","5","2","1016"