"Trail Name","Trail Head","All Trails","Length (km)","Time (hrs)","Elavation Gain (m)","Difficulty","Quality","Accessibility","When To Visit","Restrictions","Score","","","","","","","","","","","","","",""
"joffre Lakes","Head","https://www.alltrails.com/explore/trail/canada/british-columbia/joffre-lakes","9.5","4","360","1","5","2","june-September","","6.54","","","","","","","","","","","","","",""
"Turtlehead","Head","","8.5","2.5","270","1","5","4","All year","USA","14.46","","","","","","","","","","","","","",""
"Bodega Ridge","","https://www.alltrails.com/trail/canada/british-columbia/bodega-ridge","8.4","2.33","255","1","4","4","","Vancouver Island","16.61","","","","","","","","","","","","","",""
"Mount Daniel","","https://www.alltrails.com/explore/trail/canada/british-columbia/mount-daniel--2","4.5","2","365","2","4","4","","Madeira Park","16.74","","","","","","","","","","","","","",""
"Cool Creek Canyon","Head","https://www.alltrails.com/explore/trail/canada/british-columbia/cool-creek-canyon-hike","2","2","320","2","4","5","","","16.90","","","","","","","","","","","","","",""
"mount erskine","Head","https://www.alltrails.com/explore/trail/canada/british-columbia/mount-erskine-via-toynbee","5.5","2.5","380","2","5","4","May-October","Vancouver Island","20.03","","","","","","","","","","","","","",""
"Cheakamus Lake","","https://www.alltrails.com/trail/canada/british-columbia/cheakamus-lake-trail","14.5","4","145","1","4","3","April-October","","23.66","","","","","","","","","","","","","",""
"Yak Peak","","https://www.alltrails.com/trail/canada/british-columbia/yak-peak-trail","6","4","768","3","4","2","","","24.12","","","","","","","","","","","","","",""
"Semaphore lakes","","https://www.alltrails.com/trail/canada/british-columbia/semaphore-lakes-trail","5.8","2.5","408","2","4","4","June -Oct","","26.46","","","","","","","","","","","","","",""
"Decker Tarn","","https://www.alltrails.com/explore/trail/canada/british-columbia/overlord-lakeside-decker-loop","9","3.5","236","2","4","3","","","26.52","","","","","","","","","","","","","",""
"Half Note Trail","","https://www.alltrails.com/explore/trail/canada/british-columbia/whistler-peak-half-note-to-high-note","6","2.5","333","3","4","3","","","26.66","","","","","","","","","","","","","",""
"Jocelyn Hill","Head","https://www.alltrails.com/explore/trail/canada/british-columbia/jocelyn-hill-trail-loop","9","4","210","1","4","4","","Vancouver Island","30.14","","","","","","","","","","","","","",""
"Blue Lake","","https://www.alltrails.com/trail/us/washington/blue-lake-trail--7?u=m","7.4","2.5","305","1","4","5","","USA","32.04","","","","","","","","","","","","","",""
"Greendrop Lake","","https://www.alltrails.com/trail/canada/british-columbia/lindeman-and-greendrop-lakes-trail","10.9","3.5","469","2","4","3","March-October","","33.15","","","","","","","","","","","","","",""
"Garibaldi Lake","","https://www.alltrails.com/explore/trail/canada/british-columbia/four-lakes-garibaldi-highlands-and-debecks-hill-loop","20","4","1080","1","4","3","","","35.46","","","","","","","","","","","","","",""
"Zoa Peak","","https://www.alltrails.com/trail/canada/british-columbia/zoa-peak-trail","9.8","4.2","697","2","4","3","","","37.61","","","","","","","","","","","","","",""
"The Flatiron","","https://www.alltrails.com/explore/trail/canada/british-columbia/flatiron-via-needle-peak-trail","10","5","690","2","4","3","","","45.52","","","","","","","","","","","","","",""
"three brothers mountain","Head","https://www.alltrails.com/explore/trail/canada/british-columbia/three-brothers-mountain--3","21.5","6.5","480","2","5","2","May-October","","46.72","","","","","","","","","","","","","",""
"Mount Galiano","","https://www.alltrails.com/trail/canada/british-columbia/mount-galiano-via-top-of-the-world","13.5","4.5","300","2","4","3","","Vancouver Island","50.76","","","","","","","","","","","","","",""
"Flora Lake","","https://www.alltrails.com/trail/canada/british-columbia/flora-lake-trail","11","5.5","1110","2","4","3","July-October","","58.17","","","","","","","","","","","","","",""
"Frosty Mountain","Head","https://www.alltrails.com/explore/trail/canada/british-columbia/frosty-mountain-trail","22","7.5","1160","2","5","2","july-october","","58.37","","","","","","","","","","","","","",""
"Elfin Lakes","","https://www.alltrails.com/explore/trail/canada/british-columbia/elfin-lakes-diamondhead","22","7","685","2","4","2","","","65.44","","","","","","","","","","","","","",""
"Chief Mountain","","https://www.alltrails.com/explore/trail/canada/british-columbia/stawamus-chief-trail","7","5","625","4","4","2","","","66.00","","","","","","","","","","","","","",""
"Cascade Pass","","https://www.alltrails.com/trail/us/washington/cascade-pass-trail--3?u=m","10.5","3.66","750","2","4","4","","USA","70.27","","","","","","","","","","","","","",""
"Hozomeen Lake","","https://www.alltrails.com/trail/us/washington/hozomeen-lake-trail--2?u=m","11.9","3.5","380","2","4","4","April-October","USA","70.90","","","","","","","","","","","","","",""
"Echo Lake","","https://www.alltrails.com/trail/canada/british-columbia/echo-lake-trail","7.6","5.5","905","3","4","3","","Kayak","82.81","","","","","","","","","","","","","",""
"Chain Lakes","Head","https://www.alltrails.com/explore/trail/us/washington/chain-lakes-loop-trail?u=m","11.5","5.5","375","2","5","4","June-October","USA","86.24","","","","","","","","","","","","","",""
"Evans Peak","","https://www.alltrails.com/explore/trail/canada/british-columbia/evans-peak-trail","9","5","950","5","4","1","","","87.20","","","","","","","","","","","","","",""
"Snow Camp Mountain","","https://www.alltrails.com/explore/trail/canada/british-columbia/snow-camp-manning","17","6","600","2","4","3","","","87.36","","","","","","","","","","","","","",""
"Welcome Pass","","https://www.alltrails.com/trail/us/washington/welcome-pass-via-high-divide-trail?u=m","9","5.5","1010","2","4","4","","USA","96.98","","","","","","","","","","","","","",""
"Wedgemount Lake","","https://www.alltrails.com/trail/canada/british-columbia/wedgemount-lake","12.5","8.5","1165","3","4","2","June-October","","100.84","","","","","","","","","","","","","",""
"Cheam peak","Head","https://www.alltrails.com/explore/trail/canada/british-columbia/cheam-peak","9","4","690","2","5","5","July-October","4x4","106.29","","","","","","","","","","","","","",""
"Mount Elsay","","https://www.alltrails.com/explore/trail/canada/british-columbia/mount-elsay--2","13","10","500","3","4","2","","","112.00","","","","","","","","","","","","","",""
"Statlu Lake","","https://www.alltrails.com/trail/canada/british-columbia/statlu-lake-trail","13","6","300","3","4","3","July-Oct","","130.56","","","","","","","","","","","","","",""
"Twin Sisters","","https://www.alltrails.com/trail/canada/british-columbia/the-lions-binkert-trail","15","9","1654","4","4","1","July - October","","131.82","","","","","","","","","","","","","",""
"Decker Mountain","","https://www.alltrails.com/explore/trail/canada/british-columbia/overlord-lakeside-decker-loop?mobileMap=false&ref=sidebar-static-map","12","6.5","600","4","4","2","June-Oct","","137.28","","","","","","","","","","","","","",""
"Lake Ann","","https://www.alltrails.com/trail/us/washington/lake-ann?u=m","15.3","5.5","788","2","4","4","","USA","148.51","","","","","","","","","","","","","",""
"Skywalk North","","https://www.alltrails.com/explore/trail/canada/british-columbia/skywalk-north-and-south-loop","20","8.5","1050","2","4","3","","","150.28","","","","","","","","","","","","","",""
"Helm Lake","","https://www.alltrails.com/explore/trail/canada/british-columbia/helm-lake?mobileMap=false&ref=sidebar-static-map","32","11","1504","2","4","2","July-October","","154.04","","","","","","","","","","","","","",""
"Tenquille Lake","","https://www.alltrails.com/explore/trail/canada/british-columbia/tenquille-lake-from-lillooet-river","12.5","4","450","2","4","5","","","171.52","","","","","","","","","","","","","",""
"Hope Mountain","Head","https://www.alltrails.com/explore/trail/canada/british-columbia/hope-mountain--2","8.5","6","690","2","4","5","","4x4","189.70","","","","","","","","","","","","","",""
"Skywalk South","","https://www.alltrails.com/explore/trail/canada/british-columbia/rick-s-roots-skywalk-south-and-rainbow-sproat-lake-loop","18","6","1060","3","4","3","","","193.15","","","","","","","","","","","","","",""
"Mount Price","Head","https://www.alltrails.com/explore/trail/canada/british-columbia/mount-price","27","11","1480","4","5","1","June-October","","210.92","","","","","","","","","","","","","",""
"Skyline divide","Head","https://www.alltrails.com/explore/trail/us/washington/skyline-divide?u=m","13","6","670","2","5","5","April-November","USA + 4x4","220.26","","","","","","","","","","","","","",""
"Golden Ears","","https://www.alltrails.com/explore/trail/canada/british-columbia/golden-ears-trail","25","11","1530","4","4","1","","","246.93","","","","","","","","","","","","","",""
"Hidden Lake Lookout","","https://www.alltrails.com/trail/us/washington/hidden-lake-lookout-trail?u=m","12.1","5.5","992","3","4","4","","USA","247.88","","","","","","","","","","","","","",""
"Crown Mountain","","https://www.alltrails.com/trail/canada/british-columbia/crown-mountain-trail","9.5","8","1227","5","4","1","","","153.01","","","","","","","","","","","","","",""
"Yellow Aster Butte","Head","https://www.alltrails.com/explore/trail/us/washington/yellow-aster-butte-trail?u=m","13","7","770","3","5","4","june-september","USA","260.56","","","","","","","","","","","","","",""
"Palmers Pond","","https://www.alltrails.com/explore/trail/canada/british-columbia/palmer-pond-via-hudson-bay-company-heritage-trail","11.5","7","950","2","4","5","","4x4","300.16","","","","","","","","","","","","","",""
"Marriott Basin","","https://www.alltrails.com/trail/canada/british-columbia/marriott-basin-trail","17.7","6.5","980","4","4","3","","","408.93","","","","","","","","","","","","","",""
"Watersprite Lake","","https://www.alltrails.com/explore/trail/canada/british-columbia/watersprite-lake-summer-route","17","7","668","2","4","5","","4x4","410.73","","","","","","","","","","","","","",""
"The Black Tusk","Head","https://www.alltrails.com/explore/trail/canada/british-columbia/black-tusk-trail","29","10.5","1740","4","5","2","June-October","","436.53","","","","","","","","","","","","","",""
"Gotcha & Gott Peak","","https://www.alltrails.com/trail/canada/british-columbia/gotcha-peak-and-gott-peak-via-blowdown-pass--2","12.2","6","1055","4","4","4","May-November","4x4","549.50","","","","","","","","","","","","","",""
"Brandywine Mountain","Head","https://www.alltrails.com/explore/trail/canada/british-columbia/brandywine-mountain--2","10","5.5","860","4","5","5","july-october","4x4","660.07","","","","","","","","","","","","","",""
"Twin Lakes","Head","","16","7.5","965","3","5","5","Unknown","4x4","688.51","","","","","","","","","","","","","",""
"Mount Steele","","https://www.alltrails.com/explore/trail/canada/british-columbia/mount-steele-via-edwards-lake-trail","18","8","840","3","4","5","June-October","Sechelt + 4x4","1007.62","","","","","","","","","","","","","",""
"illal mountain","Head","","13","7.5","745","4","5","5","july-october","4x4","1112.83","","","","","","","","","","","","","",""
"mount rohr","Head","https://www.alltrails.com/explore/trail/canada/british-columbia/rohr-lake-via-marriot-basin-trail","12","8","1030","4","5","5","august-september","4x4","1151.80","","","","","","","","","","","","","",""
"Flute Summit","","https://www.alltrails.com/explore/trail/canada/british-columbia/flute-summit-via-singing-pass","30.4","11.3","1699","4","4","3","","","1222.14","","","","","","","","","","","","","",""
"Anniversary Glacier","","","9","5.5","450","2","4","10","","","5575.68","","","","","","","","","","","","","",""
"Rainbow Pass","","","18.5","7","890","2","4","10","","","14536.70","","","","","","","","","","","","","",""
"Camel Pass","","","17.5","7.5","1090","2","4","10","","","15114.24","","","","","","","","","","","","","",""
"The Gargoyles","","","27","9","905","3","4","10","","","53102.59","","","","","","","","","","","","","",""
"panorama ridge","Head","https://www.alltrails.com/trail/canada/british-columbia/panorama-ridge","29.5","10.5","1555","3","5","10","June-October","","56099.64","","","","","","","","","","","","","",""